driverId,name,ssn,location,certified,wage-plan
10,Krystal Dalton,782-80-3953,"26317 Page Shores Apt. 647
Michaelport, AR 25368",N,hours
11,Melissa Wallace,244-68-1911,"426 Whitaker Hill Suite 047
Mercerborough, CO 91207",Y,miles
12,Lisa Simmons,239-37-0579,"713 Johnson Field Apt. 060
Lake Jamesburgh, KS 21339",N,miles
13,William Miranda,478-45-5287,"3628 Oliver Drive Apt. 784
East Gregory, MD 38060",Y,hours
14,Kristen Hernandez,153-86-5435,"255 Matthew Rest Apt. 387
Smithhaven, MS 12715",Y,hours
15,Matthew Davis,726-10-3815,"269 Megan Tunnel Suite 079
Jordanville, MA 45522",N,miles
16,Steven Blanchard,743-60-2232,"42678 Franklin Fort
Lake Zachary, RI 40262",N,miles
17,Rachel Santana MD,630-53-7669,"989 Jonathan Neck
Amandatown, VI 77879",Y,miles
18,Erica Aguilar,561-68-8990,"243 Porter Corners
Melendezville, CA 52643",Y,miles
19,Regina Howell,373-59-7676,"73946 Stacey Stravenue
Weberburgh, MP 51502",N,hours
20,Kimberly Robbins,270-08-7377,"818 Gallagher Branch
West Maria, NE 85534",Y,hours
21,Peter Esparza,180-01-0466,"11313 Nichole Meadow Suite 008
Port Lauren, SC 54026",N,hours
22,Corey Nunez,211-35-4525,"5074 Oneal River Apt. 732
Wrightmouth, AS 02370",Y,miles
23,Christian Norris,458-81-5231,"77428 Alexander Burgs
Brianland, MP 20834",N,hours
24,Meghan Adams,794-28-2678,"47094 Amber Greens Apt. 606
South James, MP 46138",N,hours
25,Steven Matthews,467-34-2697,"490 Joseph Run
West Michael, ND 04057",Y,miles
26,Doris Erickson,762-43-6832,"9192 Travis Manors
East Angelaville, AR 21084",N,miles
27,Jonathan King,557-57-9077,"34620 Sara Gateway
New Candacehaven, NE 99818",Y,miles
28,Gary Beltran,418-96-6958,"14357 Blevins Landing Suite 050
Heathertown, MA 63313",N,hours
29,Kayla Beck,608-83-3565,"98024 Jones Radial
Dunntown, GA 34312",Y,miles
30,Rachel Rivera,388-54-8022,"843 Jenny Courts
New Tylerfort, MI 60073",N,hours
31,Kristen Tran,738-53-1490,"683 Malone Lakes Suite 898
Nicholasberg, AR 27485",N,hours
32,Joseph Smith,638-11-0409,"2384 Destiny Center
Laurachester, VI 18901",N,hours
33,Alicia Charles,723-34-8496,"Unit 8580 Box 3329
DPO AE 16926",Y,miles
34,Autumn Mason,265-02-1809,"266 Suzanne Harbors Apt. 309
Jacksonview, IA 31197",Y,hours
35,Margaret Norman,576-39-4170,"319 Ashlee Prairie
Thomasside, NY 38340",N,hours
36,Julie Hogan,590-96-5525,"69874 Sarah Causeway Apt. 373
West Cody, MT 63386",Y,hours
37,Lori Hamilton,484-79-3428,"25948 Jennifer Summit
South Travisport, LA 62975",Y,miles
38,Robert Grant,113-36-2790,"Unit 2920 Box 1574
DPO AP 98964",N,miles
39,Laura Barber,269-19-0751,"0055 Seth Highway
North Reneeshire, AR 48232",Y,hours
40,Cheyenne Davis,458-25-3606,"14419 Ebony Flats Suite 729
Lake Jessicashire, ND 10589",N,miles
41,Jason Hayden,691-01-1243,"03475 Paul Land
South Angela, GA 36877",Y,hours
42,Michele Ochoa,376-64-3802,"5591 Melissa Junction
Nancybury, GU 45233",Y,hours
43,Daniel Larson DDS,756-95-4867,"922 Christensen Locks Suite 975
Millerfort, LA 21291",N,hours
44,Wesley Ward,438-05-2941,"6073 Thompson Street
Lake Taylor, AZ 33120",N,miles
45,Carlos Cummings,537-46-8562,"9220 Matthew Lodge Apt. 463
East Melissa, RI 12037",N,hours
46,Anthony Baker,299-07-0751,"67922 Dorsey Fort Apt. 965
Sandovalport, ND 73670",N,hours
47,Nancy Thomas,357-72-0202,"2806 Macdonald Squares Apt. 763
Ramirezborough, ND 35456",Y,miles
48,Thomas Yang,560-22-0380,"070 Mccullough Pike
Nelsonport, MP 92919",N,miles
49,Mr. Brandon Martinez,837-11-4198,"7126 Gardner Plaza
Martinezhaven, DE 77612",N,hours
50,Daniel Morse,191-10-9184,"Unit 6746 Box 6865
DPO AP 69380",Y,miles
51,Shawn Matthews,094-50-9952,"121 James Locks Suite 420
Kingborough, FL 79165",Y,hours
52,Tammy Martin,862-95-0768,"254 Jimenez Extension Suite 559
Cobbfurt, GU 88560",Y,miles
53,Sonya Welch,569-76-9497,"31333 Johnson Course
Colinburgh, NM 11980",Y,miles
54,Abigail Miller,219-54-7009,"57188 Russell Lodge
Kevinbury, CT 28844",Y,hours
55,Brian Ball,135-78-7106,"83929 Devin Crest Apt. 504
South Christophermouth, VI 83310",N,hours
56,Nicholas Lee,286-67-3907,"2475 Russell Islands
Port Ashley, VT 52609",N,miles
57,Brian Randall,028-79-2792,"Unit 5179 Box 3428
DPO AE 54143",N,hours
58,Matthew Best,487-21-5777,"070 Anna Passage Apt. 185
Chadtown, NE 04741",Y,hours
59,Daniel Armstrong,299-61-1080,"176 Benjamin Roads
North Sarahborough, DC 05774",N,miles
60,Trevor Everett,399-79-4473,"8529 Bond Row Suite 867
Lisachester, DE 26231",N,hours
61,Craig Hansen,396-08-1846,"92688 Denise Harbors Apt. 197
New Lynnfort, MP 31515",Y,miles
62,Christopher Stone,091-68-4487,"90023 Jesse Knoll Suite 962
Lake Catherine, MI 13068",Y,miles
63,Emily Escobar,157-91-9836,"189 Lawrence Shoals
New Jean, CA 56170",N,hours
64,Jimmy Ross,287-73-8740,"13063 Swanson Mountains
Jenniferfort, MA 94923",N,hours
65,Pamela Nguyen,747-66-9847,"8296 Ward Mountains Suite 332
West Connie, ME 71841",Y,hours
66,Stephen Thomas,761-36-4698,"0741 Amber Estate
Karenhaven, MH 55111",N,hours
67,George Odom,603-51-6121,"96736 Susan Greens Suite 724
Shawnside, OH 70306",Y,hours
68,Tanya Silva,235-37-4989,"07265 Anderson Extensions
North Johnny, MA 92248",Y,hours
69,Brandi Lewis DVM,637-22-5873,"694 Villarreal Trafficway
Port Joseph, OH 33618",Y,miles
70,Danielle Coleman,157-56-7968,"9590 Ross Mall Apt. 443
Port Nancy, AS 70828",N,miles
71,Angela Shelton,663-49-1742,"401 Larry Mews
Port Jodyton, NV 35786",N,miles
72,Kelly Burnett,522-49-3347,"045 Mclean Fords Apt. 947
North Michael, NE 07951",N,miles
73,Anna Wilson,493-37-9854,"962 Thompson Row Suite 589
Danielletown, RI 40815",Y,hours
74,Mrs. Natalie Simpson,594-73-9498,"31885 Katie Road
Jenniferberg, CO 76920",N,miles
75,Diane Brown,478-33-3978,"079 Gordon Causeway Apt. 020
Ericland, FM 90618",Y,miles
76,Meghan Ward,196-73-3242,"728 Price Mills Suite 397
Stephanieton, AL 63332",Y,miles
77,Brittany Henderson,179-57-7812,"073 Nicholas Parkway
South Christina, DC 91978",N,hours
78,Mr. Michael Scott MD,288-03-6649,"27545 Heather Viaduct Suite 312
Shieldsberg, WV 84129",N,hours
79,Dustin Robinson MD,373-56-1348,"002 Angela Loop
East Barbarafort, MT 40075",N,hours
80,Brian Randolph,335-07-0457,"03066 Shane Springs
South Kelsey, TN 93994",N,miles
81,Robert Johnson,489-20-1708,"5548 Wilkins Cape Apt. 897
New Nicoleville, MP 87969",N,hours
82,Jeffrey Sellers,871-81-8169,"1229 Connie Mountain Suite 391
North Jacob, FL 69356",Y,miles
83,Charles Beck,263-01-3254,"3227 Johnson Crescent
Lloydland, TX 78030",Y,miles
84,Kristen Simmons,836-04-0083,"9264 Adams Park Suite 904
South Joseview, MT 87456",Y,miles
85,Gary Lewis,043-81-1758,"9398 Wright Expressway Suite 564
South Jennifermouth, CA 44793",Y,miles
86,Abigail Martin,786-97-6560,"0077 Williams Plains Suite 981
Smithbury, NC 26338",N,hours
87,Kelsey Buckley,210-37-1713,"15452 Rebecca Row
Port Michelle, OH 10936",N,miles
88,Vicki Martin,436-82-1644,"2507 Cantu Prairie Suite 518
North Justin, UT 38533",Y,miles
89,Samantha Lewis,634-89-9378,"PSC 7914, Box 4727
APO AP 09437",Y,miles
90,Tiffany Richard,627-28-4728,"9928 Matthew Pine Suite 857
North Maryhaven, NE 55900",Y,miles
91,Patrick Garrison,828-98-3104,"8341 Warren Brooks Apt. 833
West Kevin, MP 73619",Y,miles
92,Susan Harper,314-40-3008,"4061 Michael Common Apt. 501
Howardtown, VT 32812",N,miles
93,Susan Sexton,782-69-3384,"03532 Glen Road Apt. 621
Lake Jasonborough, NV 67299",N,hours
94,William Nielsen,413-88-0358,"8617 Teresa Mill
Port Cheryl, IL 64788",N,miles
95,April Johnson,139-98-0102,"602 Christopher Greens
Aaronview, SD 34705",N,hours
96,Jared Allen,136-14-0292,"171 Long Expressway Apt. 990
Rubioville, MI 63805",N,hours
97,Christopher Stephens,440-37-2243,"32897 Clark Lodge Suite 477
Franklinview, WA 05635",Y,hours
98,Tiffany Taylor,041-28-8518,"45013 Kiara Vista Apt. 699
West Alanstad, MA 20588",Y,miles
99,Jonathan Harris,063-09-5224,"3744 Wood Forest
Mullinsstad, NH 48618",N,hours
100,Lauren Nelson,304-76-3319,"939 Christopher Valleys
Mirandamouth, IA 81581",Y,hours
101,Stephen Mendez,036-56-6461,"90996 Hurst Brook Apt. 149
New Ashleyfurt, PW 73730",N,hours
102,Mandy Cline,218-59-1966,"3397 Dennis Groves Suite 705
South Christinafurt, OR 73621",Y,miles
103,Jennifer Castillo MD,116-15-7802,"0231 Frank Keys Apt. 438
Amymouth, AZ 39921",Y,hours
104,James James DDS,193-77-1020,"45427 Kramer Hollow Apt. 121
East Victorshire, MS 28469",N,miles
105,Robert Thomas,005-30-8065,"60427 Kristy Union Suite 212
Williamsmouth, TX 76285",Y,miles
106,Kaitlyn Carter,297-79-0860,"280 Joseph Village Suite 218
Lake Aaronfurt, CO 24652",Y,miles
107,Kristina Thompson,144-12-0271,"1007 Gray Highway
Michaelmouth, MI 82605",N,hours
108,Joseph Ward,673-12-3035,"772 Ward Spur
Jonesborough, MT 29431",Y,hours
109,Brian Larson,184-43-4830,"39784 Nathaniel Drive Suite 944
Mercadoburgh, MT 54529",N,hours
